Species,Genus,Minimum shell length,Maximum shell length,Average shell length,Minimum shell width,Maximum shell width,Average shell width,Minimum shell depth,Maximum shell depth,Average shell depth,R1,R2,Shell (test) shape,Minimum aperture length,Maximum aperture length,Average aperture length,Minimum aperture width,Maximum aperture width,Average aperture width,R3,R4,Position of the aperture,Degree of invagination of aperture,Aperture rim ,Presence/absence of collar,Shell covering,Presence/absence of internal partitions,Presence/absence of spines or horns,Feeding type
Alabasta longicollis,Alabasta,120,140,130,40,45,42.5,28.56,32.13,30.34,0.33,0.71,pyriform,20,22.5,21.25,14.28,16.06,15.17,0.5,0.71,straight terminal,absent,curved,presence,cleptostomes,absence,absence,mixotrophy
Alabasta militaris,Alabasta,61,77.5,67.9,31.5,53,37.7,21,32,26.5,0.56,0.7,pyriform,15.5,20.5,18,10.9,14.41,12.65,0.48,0.7,straight terminal,absent,curved,presence,cleptostomes,absence,absence,mixotrophy
Amphitrema stenostoma,Amphitrema,55,97,76,NA,NA,40,NA,NA,30,0.53,0.75,ovoid,NA,NA,14.4,NA,NA,10.8,0.36,0.75,amphistomic,absent,curved,absence,xenosomes,absence,absence,mixotrophy
Amphitrema wrightianum,Amphitrema,55,106,80.5,42.08,81.09,61.58,27.7,53.39,40.55,0.76,0.66,cylinder,8.08,15.58,11.83,4.04,7.79,5.92,0.19,0.5,amphistomic,absent,curved,absence,xenosomes,absence,absence,mixotrophy
Antarcella atava,Antarcella,40,46,43,50,70,60,50,70,60,1.4,1,patelliform,16.7,23.3,20,16.7,23.3,20,0.33,1,central ventral,slightly,straight,absence,organic,absence,absence,bacterivory
Arcella brasiliensis,Arcella,20,40,30,60,80,70,60,80,70,2.33,1,patelliform,10,20,15,10,20,15,0.21,1,central ventral,slightly,straight,absence,organic,absence,absence,bacterivory
Arcella conica,Arcella,31,48,39.5,60,80,70,60,80,70,1.77,1,patelliform,20,22,21,20,22,21,0.3,1,central ventral,slightly,straight,presence,organic,absence,absence,bacterivory
Arcella costata,Arcella,NA,NA,44,65,100,82.5,65,100,82.5,1.88,1,patelliform,NA,NA,17,NA,NA,17,0.21,1,central ventral,slightly,straight,presence,organic,absence,absence,bacterivory
Arcella crenulata,Arcella,52,58,55,112,224,168,112,224,168,3.05,1,patelliform,24,104,64,24,104,64,0.38,1,central ventral,slightly,straight,presence,organic,absence,absence,bacterivory
Arcella excavata,Arcella,36,45,40.5,53,70,61.5,53,70,61.5,1.52,1,patelliform,18,22,20,18,22,20,0.33,1,central ventral,strongly,curved,presence,organic,absence,absence,bacterivory
Arcella gibbosa,Arcella,50,75,62.5,80,110,95,80,110,95,1.52,1,patelliform,17,30,23.5,17,30,23.5,0.25,1,central ventral,slightly,straight,presence,organic,absence,absence,bacterivory
Arcella hemisphaerica,Arcella,23,37,30,38,68,53,38,68,53,1.77,1,patelliform,10,20,15,10,20,15,0.28,1,central ventral,slightly,straight,absence,organic,absence,absence,bacterivory
Arcella hemisphaerica undulata,Arcella,36,38,37,45,60,52.5,45,60,52.5,1.42,1,patelliform,14,16,15,14,16,15,0.29,1,central ventral,slightly,straight,absence,organic,absence,absence,bacterivory
Arcella intermedia,Arcella,35,50,42.5,65,75,70,65,75,70,1.65,1,patelliform,16,23,19.5,16,23,19.5,0.28,1,central ventral,slightly,straight,presence,organic,absence,absence,bacterivory
Arcella lobostoma,Arcella,29,32,30.5,42,54,48,42,54,48,1.57,1,patelliform,9,18,13.5,9,18,13.5,0.28,1,shifted ventral,slightly,lobbed,absence,organic,absence,absence,bacterivory
Arcella mitrata,Arcella,116,162,139,100,180,140,100,180,140,1.01,1,patelliform,36,48,42,36,48,42,0.3,1,central ventral,slightly,straight,presence,organic,absence,absence,bacterivory
Arcella multilobata,Arcella,28,31,29.5,84,98,91,84,98,91,3.08,1,patelliform,20,24,22,20,24,22,0.24,1,central ventral,strongly,lobbed,absence,organic,absence,absence,bacterivory
Arcella rotundata,Arcella,25,30,27.5,47,54,50.5,47,54,50.5,1.84,1,patelliform,NA,NA,17,NA,NA,17,0.34,1,central ventral,slightly,straight,absence,organic,absence,absence,bacterivory
Arcella rotundata alta,Arcella,22,32,27,36,53,44.5,36,53,44.5,1.65,1,patelliform,10,15,12.5,10,15,12.5,0.28,1,central ventral,slightly,straight,absence,organic,absence,absence,bacterivory
Arcella rotundata stenostoma,Arcella,18,28,23,39,52,45.5,39,52,45.5,1.98,1,patelliform,9.3,16,12.65,9.3,16,12.65,0.28,1,central ventral,slightly,straight,presence,organic,absence,absence,bacterivory
Arcella rotundata stenostoma undulata,Arcella,18,28,23,39,52,45.5,39,52,45.5,1.98,1,patelliform,9.3,16,12.65,9.3,16,12.65,0.28,1,central ventral,slightly,straight,absence,organic,absence,absence,bacterivory
Arcella vulgaris,Arcella,52,73,62.5,100,145,122.5,100,145,122.5,1.96,1,patelliform,30,47,38.5,30,47,38.5,0.31,1,central ventral,slightly,straight,presence,organic,absence,absence,mixotrophy
Arcella vulgaris penardi,Arcella,43,58,50.5,73,92,82.5,73,92,82.5,1.63,1,patelliform,17.5,33,25.25,17.5,33,25.25,0.31,1,central ventral,slightly,straight,presence,organic,absence,absence,mixotrophy
Arcella vulgaris polymorpha,Arcella,55,63,59,100,115,107.5,100,115,107.5,1.82,1,patelliform,32,47,39.5,32,47,39.5,0.37,1,central ventral,slightly,straight,absence,organic,absence,absence,mixotrophy
Arcella vulgaris undulata,Arcella,52,73,62.5,100,145,122.5,100,145,122.5,1.96,1,patelliform,30,47,38.5,30,47,38.5,0.31,1,central ventral,slightly,straight,absence,organic,absence,absence,mixotrophy
Archerella flavum,Archerella,40,75,57.5,15,45,30,14,28,21,0.52,0.7,cylinder,6,12,9,4.2,8.4,6.3,0.3,0.7,amphistomic,absent,straight,absence,organic,absence,absence,bacterivory
Archerella jollyi,Archerella,86,100,93,60,71,65.5,20,30,25,0.7,0.38,cylinder,12,14.2,13.1,4,4.7,4.35,0.2,0.33,amphistomic,absent,straight,absence,organic,absence,absence,bacterivory
Argynnia caudata,Argynnia,76,90,83,58,70,64,NA,NA,22.4,0.77,0.35,ovoid,29,35,32,NA,NA,11.2,0.5,0.35,straight terminal,absent,curved,absence,cleptostomes,absence,presence,predatory
Argynnia dentistoma,Argynnia,66,111,88.5,58,115,86.5,40,90,65,0.98,0.75,ovoid,19,37,28,14,26,20,0.32,0.71,straight terminal,absent,curved,absence,cleptostomes,absence,absence,predatory
Argynnia dentistoma hesperia,Argynnia,155,190,172.5,100,142,121,50,80,65,0.7,0.54,ovoid,32,50,41,17.19,26.86,22.02,0.34,0.54,straight terminal,absent,curved,absence,cleptostomes,absence,absence,predatory
Argynnia dentistoma lacustris,Argynnia,120,206,163,100,143,121.5,64,90,77,0.75,0.63,pyriform,24,45,34.5,15.21,28.52,21.86,0.28,0.63,straight terminal,absent,curved,absence,cleptostomes,absence,absence,predatory
Argynnia dentistoma laevis,Argynnia,NA,NA,100,NA,NA,100,NA,NA,100,1,1,ovoid,NA,NA,33.3,NA,NA,33.3,0.33,1,straight terminal,absent,curved,absence,cleptostomes,absence,absence,predatory
Argynnia gertrudeana,Argynnia,231,279,255,121,183,152,77,100,88.5,0.6,0.58,pyriform,40,60,50,23.29,34.93,29.11,0.33,0.58,straight terminal,absent,curved,absence,cleptostomes,absence,absence,predatory
Argynnia retorta,Argynnia,120,170,145,58,70,64,NA,NA,64,0.44,1,pyriform,20,25,22.5,20,25,22.5,0.35,1,sub terminal,absent,curved,absence,cleptostomes,absence,absence,predatory
Argynnia spicata,Argynnia,120,140,130,100,125,112.5,NA,NA,68.51,0.87,0.61,ovoid,32,40,36,NA,NA,21.92,0.32,0.61,straight terminal,absent,curved,absence,cleptostomes,absence,presence,predatory
Argynnia vitraea,Argynnia,155,230,192.5,102,145,123.5,56.1,79.75,67.92,0.64,0.55,ovoid,28,37,32.5,15.4,20.35,17.88,0.26,0.55,straight terminal,absent,curved,absence,cleptostomes,absence,absence,predatory
Argynnia vitraea minor,Argynnia,115,155,135,70,100,85,38.5,55,46.75,0.63,0.55,ovoid,28,37,32.5,15.4,20.35,17.88,0.38,0.55,straight terminal,absent,curved,absence,cleptostomes,absence,absence,predatory
Argynnia vitraea sphagni,Argynnia,95,120,107.5,74.96,94.68,84.82,41.23,52.07,46.65,0.79,0.55,ovoid,28,37,32.5,15.4,20.35,17.88,0.38,0.55,straight terminal,absent,curved,absence,cleptostomes,absence,absence,predatory
Assulina collaris,Assulina,41,57,49,22,34,28,15,19,17,0.57,0.61,ovoid,6,10,8,3.64,6.07,4.86,0.29,0.61,straight terminal,absent,straight,presence,idiosomes,absence,absence,bacterivory
Assulina muscorum,Assulina,37,53,45,23,50,36.5,16,22,19,0.81,0.52,ovoid,6,16,11,3.12,8.33,5.73,0.3,0.52,straight terminal,absent,denticular,absence,idiosomes,absence,absence,bacterivory
Assulina scandinavica,Assulina,80,120,100,70,110,90,39,42,40.5,0.9,0.45,ovoid,15,30,22.5,6.75,13.5,10.12,0.25,0.45,straight terminal,absent,denticular,absence,idiosomes,absence,absence,bacterivory
Assulina seminulum,Assulina,70,92,81,50,75,62.5,20,35,27.5,0.77,0.44,ovoid,15,35,25,6.6,15.4,11,0.4,0.44,straight terminal,absent,denticular,absence,idiosomes,absence,absence,bacterivory
Awerintzewia cyclostoma,Awerintzewia,135,180,157.5,120,132,126,63.84,70.22,67.03,0.8,0.53,ovoid,40,52,46,21.28,27.66,24.47,0.37,0.53,straight terminal,absent,curved,absence,xenosomes,absence,absence,bacterivory
Bullinularia indica,Bullinularia,160,179,169.5,190,250,220,100,132,116,1.3,0.53,hemisphere,57,93,75,30.05,49.04,39.55,0.34,0.53,shifted ventral,slightly,curved,absence,xenosomes,absence,absence,bacterivory
Bullinularia indica minor,Bullinularia,100,105,102.5,152,170,161,80.1,89.59,84.85,1.57,0.53,hemisphere,NA,NA,77.12,NA,NA,40.64,0.48,0.53,shifted ventral,slightly,curved,absence,xenosomes,absence,absence,bacterivory
Campascus minutus,Campascus,20,60,40,27.28,81.84,54.56,NA,NA,54.56,1.36,1,pyriform,12.18,36.54,24.36,12.18,36.54,24.36,0.45,1,sub terminal,absent,straight,presence,xenosomes,absence,absence,bacterivory
Centropyxis aculeata,Centropyxis,12.4,24,18.2,110,160,135,110,160,135,7.42,1,hemisphere,31,60,45.5,31,60,45.5,0.34,1,shifted ventral,slightly,curved,absence,xenosomes,absence,presence,bacterivory
Centropyxis aculeata grandis,Centropyxis,71.91,84.6,78.25,170,200,185,170,200,185,2.36,1,hemisphere,68,80,74,68,80,74,0.4,1,shifted ventral,slightly,curved,absence,xenosomes,absence,presence,bacterivory
Centropyxis aculeata minima,Centropyxis,NA,NA,54,82,85,83.5,82,85,83.5,1.55,1,hemisphere,38,39,38.5,38,39,38.5,0.46,1,shifted ventral,slightly,curved,absence,xenosomes,absence,presence,bacterivory
Centropyxis aculeata oblonga,Centropyxis,100,160,130,95,120,107.5,73.06,92.28,82.67,0.83,0.77,hemisphere,52.54,66.36,59.45,56.18,51.03,53.61,0.55,0.9,shifted ventral,slightly,curved,absence,xenosomes,absence,presence,bacterivory
Centropyxis aerophila,Centropyxis,53,85,69,42,66,54,30.86,48.49,39.67,0.78,0.73,hemisphere,21,28,24.5,15,21,18,0.45,0.73,shifted ventral,absent,curved,absence,xenosomes,absence,absence,bacterivory
Centropyxis aerophila sphagnicola,Centropyxis,49,66,57.5,49,66,57.5,33.85,45.6,39.73,1,0.69,hemisphere,25,30,27.5,18,20,19,0.48,0.69,shifted ventral,absent,curved,absence,xenosomes,absence,absence,bacterivory
Centropyxis cassis,Centropyxis,55,86,70.5,45,73,59,23.67,38.4,31.03,0.84,0.53,hemisphere,28.35,45.99,37.17,14.91,24.19,19.55,0.63,0.53,shifted ventral,slightly,straight,absence,xenosomes,absence,absence,bacterivory
Centropyxis constricta,Centropyxis,120,150,135,75,100,87.5,42.82,57.1,49.96,0.65,0.57,hemisphere,50.03,66.7,58.36,28.56,38.09,33.32,0.67,0.57,shifted ventral,strongly,straight,absence,xenosomes,absence,absence,bacterivory
Centropyxis decloitrella,Centropyxis,NA,NA,87.5,NA,NA,81,NA,NA,71,0.93,0.88,hemisphere,NA,NA,35,NA,NA,30.68,0.43,0.88,shifted ventral,absent,curved,absence,xenosomes,absence,presence,bacterivory
Centropyxis deflandriana,Centropyxis,50,55,52.5,40,50,45,NA,NA,45,0.86,1,hemisphere,25,35,30,25,35,30,0.67,1,shifted ventral,absent,curved,absence,xenosomes,absence,absence,bacterivory
Centropyxis delicatula,Centropyxis,NA,NA,22.25,35,54,44.5,35,54,44.5,2,1,hemisphere,NA,NA,17,NA,NA,17,0.38,1,shifted ventral,slightly,curved,absence,xenosomes,absence,presence,bacterivory
Centropyxis discoides,Centropyxis,60.75,121.5,91.13,150,300,225,150,300,225,2.47,1,hemisphere,67.8,135.6,101.7,67.8,135.6,101.7,0.45,1,shifted ventral,absent,lobbed,absence,xenosomes,absence,presence,mixotrophy
Centropyxis ecornis,Centropyxis,43.62,95.97,69.8,125,275,200,100,230,165,2.87,0.82,hemisphere,56.06,123.33,89.7,46.25,101.75,74,0.45,0.82,shifted ventral,slightly,lobbed,absence,xenosomes,absence,absence,bacterivory
Centropyxis elongata,Centropyxis,22,24,23,55,65,60,30,32,31,2.61,0.52,hemisphere,10,20,15,5.17,10.33,7.75,0.25,0.52,shifted ventral,absent,straight,absence,xenosomes,absence,absence,bacterivory
Centropyxis eurystoma,Centropyxis,33,56,44.5,50,80,65,50,80,65,1.46,1,hemisphere,21,46,33.5,21,46,33.5,0.52,1,shifted ventral,slightly,straight,presence,xenosomes,absence,absence,bacterivory
Centropyxis gibba,Centropyxis,87,95,91,96,114,105,85,95,90,1.15,0.86,hemisphere,64.03,76.04,70.04,54.88,65.18,60.03,0.67,0.86,shifted ventral,absent,straight,absence,xenosomes,absence,presence,bacterivory
Centropyxis hemisphaerica,Centropyxis,85,106,95.5,140,160,150,140,160,150,1.57,1,hemisphere,60.2,68.8,64.5,60.2,68.8,64.5,0.43,1,shifted ventral,slightly,curved,absence,xenosomes,absence,presence,bacterivory
Centropyxis hirsuta,Centropyxis,NA,NA,48,72,88,80,72,88,80,1.67,1,hemisphere,,,38.4,,,38.4,0.48,1,shifted ventral,slightly,curved,absence,xenosomes,absence,presence,bacterivory
Centropyxis invaginata,Centropyxis,30,60,45,100,150,125,70,102,86,2.78,0.69,hemisphere,NA,NA,70.62,NA,NA,48.59,0.56,0.69,shifted ventral,slightly,curved,absence,xenosomes,absence,absence,bacterivory
Centropyxis kurakchayensis,Centropyxis,42,52,47,190,210,200,100,120,110,4.26,0.55,hemisphere,70,80,75,55,60,57.5,0.38,0.77,central ventral,absent,straight,absence,xenosomes,absence,absence,bacterivory
Centropyxis laevigata,Centropyxis,14,42,28,61,135,98,61,135,98,3.5,1,hemisphere,15,61,38,15,61,38,0.39,1,shifted ventral,strongly,straight,absence,xenosomes,absence,absence,bacterivory
Centropyxis latior,Centropyxis,NA,NA,95,NA,NA,104,NA,NA,93.6,1.09,0.9,hemisphere,NA,NA,60,NA,NA,54,0.58,0.9,shifted ventral,absent,curved,absence,xenosomes,absence,absence,bacterivory
Centropyxis marsupiformis,Centropyxis,171,257,214,114,165,139.5,NA,NA,113,0.65,0.81,hemisphere,NA,NA,84.96,NA,NA,68.81,0.61,0.81,shifted ventral,absent,straight,absence,xenosomes,absence,presence,mixotrophy
Centropyxis minuta,Centropyxis,35,40,37.5,35,60,47.5,35,60,47.5,1.27,1,hemisphere,15,25,20,15,25,20,0.42,1,shifted ventral,absent,straight,absence,xenosomes,absence,presence,bacterivory
Centropyxis orbicularis,Centropyxis,70,90,80,100,140,120,100,140,120,1.5,1,hemisphere,NA,NA,71.9,NA,NA,35.95,0.6,0.5,shifted ventral,slightly,straight,absence,xenosomes,absence,absence,bacterivory
Centropyxis plagiostoma,Centropyxis,NA,NA,29.62,56,102,79,56,102,79,2.67,1,hemisphere,NA,NA,29.2,NA,NA,23.36,0.37,0.8,shifted ventral,slightly,straight,absence,xenosomes,absence,absence,bacterivory
Centropyxis platystoma,Centropyxis,63,95,79,36,64,50,NA,NA,50,0.63,1,hemisphere,NA,NA,42.6,NA,NA,42.6,0.85,1,shifted ventral,absent,curved,absence,xenosomes,absence,absence,bacterivory
Centropyxis sphagnicola,Centropyxis,28.75,34.5,31.63,49,66,57.5,49,66,57.5,1.82,1,hemisphere,25,37,31,25,37,31,0.54,1,shifted ventral,absent,curved,absence,xenosomes,absence,absence,bacterivory
Centropyxis spinosa,Centropyxis,30,40,35,120,140,130,120,140,130,3.71,1,hemisphere,NA,NA,32.6,NA,NA,32.6,0.25,1,shifted ventral,slightly,lobbed,absence,xenosomes,absence,presence,bacterivory
Centropyxis sylvatica,Centropyxis,NA,NA,56.84,65,100,82.5,60,85,72.5,1.45,0.88,hemisphere,40,50,45,20,25,22.5,0.55,0.5,shifted ventral,slightly,straight,absence,xenosomes,absence,absence,bacterivory
Centropyxis sylvatica minor,Centropyxis,NA,NA,31.35,43,48,45.5,38,42,40,1.45,0.88,hemisphere,NA,NA,18.84,NA,NA,16.56,0.41,0.88,shifted ventral,slightly,straight,absence,xenosomes,absence,absence,bacterivory
Conicocassis pontigulasiformis,Conicocassis,NA,NA,62,82,90,86,58,66,62,1.39,0.72,hemisphere,8,10,9,5.77,7.21,6.49,0.1,0.72,shifted ventral,absent,straight,absence,xenosomes,presence,absence,bacterivory
Corythion delamarei,Corythion,23,27,25,12,15,13.5,9.5,11.88,10.69,0.54,0.79,ovoid,4.25,5.31,4.78,3.36,4.21,3.78,0.35,0.79,shifted ventral,slightly,denticular,absence,idiosomes,absence,absence,bacterivory
Corythion dubium,Corythion,35,73,54,25,46,35.5,19.83,36.48,28.16,0.66,0.79,ovoid,9,20,14.5,7,16,11.5,0.41,0.79,shifted ventral,slightly,denticular,absence,idiosomes,absence,absence,bacterivory
Corythion dubium minima,Corythion,18,25,21.5,11.83,16.42,14.13,9.38,13.03,11.2,0.66,0.79,ovoid,9,20,14.5,7,16,11.5,1.03,0.79,shifted ventral,slightly,denticular,absence,idiosomes,absence,absence,bacterivory
Corythion orbicularis,Corythion,34,67,50.5,20,53,36.5,14.07,37.3,25.69,0.72,0.7,ovoid,7,20,13.5,5,14,9.5,0.37,0.7,shifted ventral,slightly,denticular,absence,idiosomes,absence,absence,bacterivory
Cryptodifflugia angusta,Cryptodifflugia,17,20.4,18.7,11.9,13.6,12.75,11.9,13.6,12.75,0.68,1,ovoid,2.7,3.8,3.25,2.7,3.8,3.25,0.25,1,straight terminal,absent,straight,absence,xenosomes,absence,absence,bacterivory
Cryptodifflugia apiculata,Cryptodifflugia,NA,NA,40,28,30,29,NA,NA,29,0.73,1,ovoid,NA,NA,9.28,NA,NA,9.28,0.32,1,straight terminal,absent,curved,absence,xenosomes,absence,absence,bacterivory
Cryptodifflugia compressa,Cryptodifflugia,13,21,17,9,21,15,5.47,12.77,9.12,0.88,0.61,ovoid,3.19,7.43,5.31,1.94,4.52,3.23,0.35,0.61,straight terminal,absent,straight,absence,xenosomes,absence,absence,bacterivory
Cryptodifflugia crenulata,Cryptodifflugia,15,20,17.5,10,16,13,10,16,13,0.74,1,ovoid,NA,NA,4,NA,NA,4,0.31,1,straight terminal,absent,straight,absence,xenosomes,absence,absence,bacterivory
Cryptodifflugia horrida,Cryptodifflugia,13,17,15,12,15,13.5,12,15,13.5,0.9,1,ovoid,8,11,9.5,8,11,9.5,0.7,1,straight terminal,absent,straight,absence,xenosomes,absence,absence,bacterivory
Cryptodifflugia minuta,Cryptodifflugia,10,13,11.5,8,9,8.5,NA,NA,8.5,0.74,1,pyriform,NA,NA,3.65,NA,NA,3.65,0.43,1,straight terminal,absent,straight,absence,xenosomes,absence,absence,bacterivory
Cryptodifflugia oviformis,Cryptodifflugia,15,18,16.5,8,15,11.5,8,15,11.5,0.7,1,ovoid,5,6,5.5,5,6,5.5,0.48,1,straight terminal,absent,straight,absence,xenosomes,absence,absence,bacterivory
Cryptodifflugia oviformis fuscum,Cryptodifflugia,15,18,16.5,8,15,11.5,8,15,11.5,0.7,1,ovoid,5,6,5.5,5,6,5.5,0.48,1,straight terminal,absent,straight,absence,xenosomes,absence,absence,bacterivory
Cryptodifflugia pusilla,Cryptodifflugia,NA,NA,10,NA,NA,10,NA,NA,10,1,1,hemisphere,NA,NA,10,NA,NA,10,1,1,straight terminal,absent,straight,absence,xenosomes,absence,absence,bacterivory
Cryptodifflugia sacculus,Cryptodifflugia,16,30,23,15,22,18.5,NA,NA,18.5,0.8,1,pyriform,NA,NA,11.73,NA,NA,11.73,0.63,1,straight terminal,absent,straight,absence,xenosomes,absence,absence,bacterivory
Cryptodifflugia splendida,Cryptodifflugia,24,27,25.5,16,24,20,16,24,20,0.78,1,ovoid,5,6,5.5,5,6,5.5,0.28,1,straight terminal,absent,straight,absence,xenosomes,absence,absence,bacterivory
Cryptodifflugia voigti,Cryptodifflugia,24,27,25.5,13,17,15,13,17,15,0.59,1,pyriform,5,6,5.5,5,6,5.5,0.37,1,straight terminal,absent,straight,absence,xenosomes,absence,absence,bacterivory
Cucurbitella lunaris,Cucurbitella,NA,NA,190,NA,NA,200,NA,NA,200,1.05,1,ovoid,NA,NA,35,NA,NA,35,0.17,1,straight terminal,absent,lobbed,absence,xenosomes,absence,absence,bacterivory
Cucurbitella mespiliformis,Cucurbitella,115,140,127.5,75,105,90,75,105,90,0.71,1,ovoid,15,18,16.5,15,18,16.5,0.18,1,straight terminal,absent,lobbed,presence,xenosomes,absence,absence,mixotrophy
Cucurbitella modesta,Cucurbitella,78,95,86.5,70,75,72.5,70,75,72.5,0.84,1,ovoid,8,15,11.5,8,15,11.5,0.16,1,straight terminal,absent,lobbed,presence,xenosomes,absence,absence,bacterivory
Cyclopyxis ambigua,Cyclopyxis,42,45,43.5,40,55,47.5,40,55,47.5,1.09,1,hemisphere,10,15,12.5,10,15,12.5,0.26,1,central ventral,slightly,straight,absence,xenosomes,absence,absence,bacterivory
Cyclopyxis aplanata microstoma,Cyclopyxis,40,42,41,125,126,125.5,125,126,125.5,3.06,1,hemisphere,NA,NA,26,NA,NA,26,0.21,1,central ventral,slightly,curved,absence,xenosomes,absence,absence,bacterivory
Cyclopyxis arcelloides,Cyclopyxis,90,100,95,100,120,110,100,120,110,1.16,1,hemisphere,NA,NA,50,NA,NA,50,0.45,1,central ventral,slightly,straight,absence,xenosomes,absence,absence,bacterivory
Cyclopyxis eurystoma,Cyclopyxis,30,50,40,40,80,60,40,80,60,1.5,1,hemisphere,22,34,28,22,34,28,0.47,1,central ventral,slightly,straight,absence,xenosomes,absence,absence,bacterivory
Cyclopyxis kahli,Cyclopyxis,50,87,68.5,80,120,100,80,120,100,1.46,1,hemisphere,20,50,35,20,50,35,0.35,1,central ventral,strongly,straight,absence,xenosomes,absence,absence,bacterivory
Cyclopyxis plana,Cyclopyxis,NA,NA,17,NA,NA,34,NA,NA,34,2,1,hemisphere,NA,NA,25,NA,NA,25,0.74,1,central ventral,strongly,straight,absence,xenosomes,absence,absence,bacterivory
Cyclopyxis puteus,Cyclopyxis,110,120,115,145,163,154,NA,NA,154,1.34,1,hemisphere,25,35,30,25,35,30,0.19,1,central ventral,strongly,straight,absence,xenosomes,absence,absence,bacterivory
Cyclopyxis tronconica,Cyclopyxis,70,75,72.5,63,68,65.5,NA,NA,65.5,0.9,1,hemisphere,40,43,41.5,40,43,41.5,0.63,1,central ventral,slightly,straight,absence,xenosomes,absence,absence,bacterivory
Cyphoderia ampulla,Cyphoderia,80,130,105,40,80,60,NA,NA,60,0.57,1,pyriform,16,28,22,16,28,22,0.37,1,sub terminal,absent,straight,absence,idiosomes,absence,absence,bacterivory
Cyphoderia ampulla crassa,Cyphoderia,100,120,110,38,75,56.5,NA,NA,56.5,0.51,1,pyriform,16,28,22,16,28,22,0.39,1,sub terminal,absent,straight,absence,idiosomes,absence,absence,bacterivory
Cyphoderia ampulla papillata,Cyphoderia,110,120,115,43,49,46,NA,NA,46,0.4,1,pyriform,14,16,15,14,16,15,0.33,1,sub terminal,absent,straight,absence,idiosomes,absence,absence,bacterivory
Cyphoderia ampulla virtae,Cyphoderia,87,120,103.5,32,50,41,NA,NA,41,0.4,1,pyriform,12,18,15,12,18,15,0.37,1,sub terminal,absent,straight,absence,idiosomes,absence,absence,bacterivory
Cyphoderia calceolus,Cyphoderia,150,185,167.5,65,80,72.5,NA,NA,72.5,0.43,1,pyriform,19,32,25.5,19,32,25.5,0.35,1,sub terminal,absent,straight,absence,idiosomes,absence,absence,bacterivory
Cyphoderia compressa,Cyphoderia,82,112,97,30,46,38,NA,NA,38,0.39,1,pyriform,10,18,14,10,18,14,0.37,1,sub terminal,absent,straight,absence,idiosomes,absence,absence,bacterivory
Cyphoderia trochus,Cyphoderia,100,125,112.5,30,40,35,NA,NA,35,0.31,1,pyriform,15,18,16.5,15,18,16.5,0.47,1,sub terminal,absent,straight,absence,idiosomes,absence,absence,bacterivory
Cyphoderia ventricosa,Cyphoderia,70,80,75,40,43,41.5,NA,NA,41.5,0.55,1,pyriform,12,14,13,NA,NA,13,0.31,1,sub terminal,absent,straight,absence,idiosomes,absence,absence,bacterivory
Difflugia acuminata,Difflugia,150,300,225,50,100,75,50,100,75,0.33,1,pyriform,25,62.1,43.55,25,62.1,43.55,0.58,1,straight terminal,absent,straight,absence,xenosomes,absence,presence,bacterivory
Difflugia acutissima,Difflugia,178,265,221.5,80,110,95,80,110,95,0.43,1,ovoid,40,51,45.5,40,51,45.5,0.48,1,straight terminal,absent,straight,absence,xenosomes,absence,presence,bacterivory
Difflugia acutissimella,Difflugia,100,126,113,45,58,51.5,45,58,51.5,0.46,1,ovoid,22,24,23,22,24,23,0.45,1,straight terminal,absent,straight,absence,xenosomes,absence,presence,bacterivory
Difflugia amphoralis,Difflugia,NA,NA,109,NA,NA,62,NA,NA,62,0.57,1,pyriform,NA,NA,28,NA,NA,28,0.45,1,straight terminal,absent,straight,presence,xenosomes,absence,absence,bacterivory
Difflugia ampla,Difflugia,145,150,147.5,130,138,134,130,138,134,0.91,1,pyriform,45,48,46.5,45,48,46.5,0.35,1,straight terminal,absent,denticular,absence,xenosomes,absence,absence,bacterivory
Difflugia ampullula,Difflugia,54,95,74.5,35,72,53.5,35,72,53.5,0.72,1,ovoid,16,29,22.5,16,29,22.5,0.42,1,straight terminal,absent,straight,presence,xenosomes,absence,presence,bacterivory
Difflugia angulostoma,Difflugia,40,80,60,40,73,56.5,40,73,56.5,0.94,1,ovoid,18,51,34.5,18,51,34.5,0.61,1,shifted ventral,absent,curved,absence,xenosomes,absence,absence,bacterivory
Difflugia avellana,Difflugia,100,160,130,60,130,95,NA,NA,70.3,0.73,0.74,pyriform,28,48,38,NA,NA,32.3,0.4,0.85,shifted ventral,absent,curved,absence,xenosomes,absence,absence,bacterivory
Difflugia bacillariarum,Difflugia,67,103,85,37,47,42,NA,NA,42,0.49,1,pyriform,17,24,20.5,NA,NA,20.5,0.49,1,straight terminal,absent,straight,absence,xenosomes,absence,presence,bacterivory
Difflugia bacillifera,Difflugia,117,194,155.5,54,91,72.5,54,91,72.5,0.47,1,pyriform,17,36,26.5,17,36,26.5,0.37,1,straight terminal,absent,straight,absence,xenosomes,absence,absence,bacterivory
Difflugia beyensi,Difflugia,296,325,310.5,257,277,267,257,277,267,0.86,1,pyriform,83,85,84,83,85,84,0.31,1,straight terminal,absent,straight,absence,xenosomes,absence,absence,bacterivory
Difflugia bicornis,Difflugia,75,85,80,39,53,46,39,53,46,0.58,1,pyriform,19,23,21,19,23,21,0.46,1,straight terminal,absent,straight,absence,xenosomes,absence,presence,bacterivory
Difflugia bicruris,Difflugia,158,207,182.5,77,115,96,77,115,96,0.53,1,ovoid,33,58,45.5,33,58,45.5,0.47,1,straight terminal,absent,straight,absence,xenosomes,absence,presence,bacterivory
Difflugia bidens,Difflugia,250,366,308,NA,NA,227.92,NA,NA,136.75,0.74,0.6,ovoid,NA,NA,113.96,NA,NA,68.38,0.5,0.6,straight terminal,absent,straight,absence,xenosomes,absence,presence,bacterivory
Difflugia brevicolla,Difflugia,66,110,88,48,97,72.5,48,97,72.5,0.82,1,sphere,22,42,32,22,42,32,0.44,1,straight terminal,absent,straight,presence,xenosomes,absence,absence,bacterivory
Difflugia bryophila,Difflugia,83,141,112,49,67,58,49,67,58,0.52,1,pyriform,16,22,19,16,22,19,0.33,1,straight terminal,absent,curved,absence,xenosomes,absence,absence,bacterivory
Difflugia capreolata,Difflugia,225,295,260,90,157,123.5,90,157,123.5,0.48,1,pyriform,58,80,69,58,80,69,0.56,1,straight terminal,absent,curved,absence,xenosomes,absence,absence,bacterivory
Difflugia claviformis,Difflugia,250,450,350,100,200,150,100,200,150,0.43,1,pyriform,33,62,47.5,33,62,47.5,0.32,1,straight terminal,absent,curved,absence,xenosomes,absence,absence,bacterivory
Difflugia compressa,Difflugia,150,400,275,110,170,140,20,35,27.5,0.51,0.2,pyriform,20,50,35,NA,NA,6.88,0.25,0.2,straight terminal,absent,curved,absence,xenosomes,absence,absence,bacterivory
Difflugia corona,Difflugia,200,250,225,190,250,220,190,250,220,0.98,1,hemisphere,35,70,52.5,35,70,52.5,0.24,1,straight terminal,absent,lobbed,absence,xenosomes,absence,presence,bacterivory
Difflugia cylindrus,Difflugia,180,264,222,60,130,95,56.76,122.98,89.87,0.43,0.95,cylinder,32,49,40.5,30.27,46.35,38.31,0.43,0.95,straight terminal,absent,curved,absence,xenosomes,absence,absence,bacterivory
Difflugia decloitrei,Difflugia,62,95,78.5,39,56,47.5,39,56,47.5,0.61,1,ovoid,20,27,23.5,20,27,23.5,0.49,1,straight terminal,absent,straight,absence,xenosomes,absence,absence,bacterivory
Difflugia difficilis,Difflugia,80,162,121,53,99,76,NA,NA,67.69,0.63,0.89,ovoid,18,36,27,NA,NA,24.05,0.36,0.89,straight terminal,absent,curved,presence,xenosomes,absence,absence,bacterivory
Difflugia distenda,Difflugia,200,280,240,95,135,115,95,135,115,0.48,1,ovoid,52,80,66,52,80,66,0.57,1,straight terminal,absent,curved,absence,xenosomes,absence,presence,bacterivory
Difflugia dragana,Difflugia,NA,NA,195,NA,NA,119,NA,NA,96,0.61,0.81,ovoid,NA,NA,48,NA,NA,38.72,0.4,0.81,straight terminal,absent,curved,presence,xenosomes,absence,absence,bacterivory
Difflugia elegans,Difflugia,80,158,119,30,99,64.5,30,99,64.5,0.54,1,pyriform,22,55,38.5,22,55,38.5,0.6,1,straight terminal,absent,curved,absence,xenosomes,absence,presence,bacterivory
Difflugia elegans angustata,Difflugia,90,150,120,35,60,47.5,35,60,47.5,0.4,1,ovoid,24,27,25.5,24,27,25.5,0.54,1,straight terminal,absent,curved,absence,xenosomes,absence,presence,bacterivory
Difflugia foissneri,Difflugia,210,230,220,170,180,175,90,100,95,0.8,0.54,ovoid,86,90,88,NA,NA,47.77,0.5,0.54,straight terminal,absent,curved,absence,xenosomes,absence,presence,bacterivory
Difflugia gassowskii,Difflugia,70,120,95,35,78,56.5,35,78,56.5,0.59,1,pyriform,15,34,24.5,15,34,24.5,0.43,1,straight terminal,absent,curved,absence,xenosomes,absence,absence,bacterivory
Difflugia geosphaerica,Difflugia,45,62,53.5,46,59,52.5,46,59,52.5,0.98,1,ovoid,19,28,23.5,19,28,23.5,0.45,1,straight terminal,absent,straight,presence,xenosomes,absence,absence,bacterivory
Difflugia gigantea,Difflugia,341,480,410.5,168,231,199.5,NA,NA,199.5,0.49,1,pyriform,55,84,69.5,NA,NA,69.5,0.35,1,straight terminal,absent,straight,absence,xenosomes,absence,absence,bacterivory
Difflugia glans,Difflugia,67,74,70.5,44,50,47,44,50,47,0.67,1,ovoid,19,22,20.5,19,22,20.5,0.44,1,straight terminal,absent,curved,absence,xenosomes,absence,absence,bacterivory
Difflugia globularis,Difflugia,135,155,145,80,100,90,80,100,90,0.62,1,ovoid,41.12,51.4,46.26,41.12,51.4,46.26,0.51,1,straight terminal,absent,curved,absence,xenosomes,absence,absence,bacterivory
Difflugia globulosa,Difflugia,70,119,94.5,79,113,96,79,113,96,1.02,1,sphere,33,58,45.5,33,58,45.5,0.47,1,straight terminal,absent,straight,absence,xenosomes,absence,absence,bacterivory
Difflugia heali,Difflugia,103,144,123.5,75,97,86,65.62,84.88,75.25,0.7,0.88,pyriform,35,41,38,30.62,35.88,33.25,0.44,0.88,straight terminal,absent,curved,absence,xenosomes,absence,absence,bacterivory
Difflugia heterodentata,Difflugia,88,105,96.5,72,96,84,72,96,84,0.87,1,ovoid,30,46,38,30,46,38,0.45,1,straight terminal,absent,denticular,presence,xenosomes,absence,absence,bacterivory
Difflugia hoogenraadii,Difflugia,141,173,157,120,150,135,NA,NA,135,0.86,1,pyriform,NA,NA,67.5,NA,NA,67.5,0.5,1,straight terminal,absent,curved,absence,xenosomes,absence,presence,bacterivory
Difflugia juzephiniensis,Difflugia,89,104,96.5,59,86,72.5,NA,NA,58,0.75,0.8,ovoid,26,48,37,NA,NA,29.6,0.51,0.8,straight terminal,absent,straight,absence,xenosomes,absence,presence,bacterivory
Difflugia kabylica,Difflugia,60,95,77.5,51.72,81.89,66.81,46.44,73.54,59.99,0.86,0.9,ovoid,17.22,27.27,22.25,15.47,24.49,19.98,0.33,0.9,straight terminal,absent,curved,presence,xenosomes,absence,absence,bacterivory
Difflugia labiosa,Difflugia,150,275,212.5,110,160,135,84.15,122.4,103.28,0.64,0.76,ovoid,50,65,57.5,38.25,49.73,43.99,0.43,0.76,straight terminal,absent,lobbed,presence,xenosomes,absence,absence,mixotrophy
Difflugia lacustris,Difflugia,120,231,175.5,63,94,78.5,63,94,78.5,0.45,1,pyriform,63,94,78.5,63,94,78.5,1,1,straight terminal,absent,curved,absence,xenosomes,absence,absence,bacterivory
Difflugia lanceolata,Difflugia,108,155,131.5,55,92,73.5,NA,NA,73.5,0.56,1,ovoid,22,32,27,NA,NA,27,0.37,1,straight terminal,absent,curved,presence,xenosomes,absence,absence,bacterivory
Difflugia lata,Difflugia,137,149,143,90,103,96.5,90,103,96.5,0.67,1,pyriform,42,46,44,42,46,44,0.46,1,straight terminal,absent,curved,absence,xenosomes,absence,absence,bacterivory
Difflugia leidyi,Difflugia,96,120,108,78,88,83,78,88,83,0.77,1,pyriform,33,40,36.5,33,40,36.5,0.44,1,straight terminal,absent,curved,absence,xenosomes,absence,presence,bacterivory
Difflugia lemani,Difflugia,180,310,245,130,150,140,130,150,140,0.57,1,pyriform,NA,NA,110,NA,NA,110,0.79,1,straight terminal,absent,curved,absence,xenosomes,absence,absence,bacterivory
Difflugia limnetica,Difflugia,70,100,85,50,85,67.5,NA,NA,67.5,0.79,1,ovoid,25,51,38,NA,NA,38,0.56,1,straight terminal,absent,curved,presence,xenosomes,absence,absence,bacterivory
Difflugia linearis,Difflugia,96,108,102,32,38,35,32,38,35,0.34,1,pyriform,12,13,12.5,12,13,12.5,0.36,1,straight terminal,absent,curved,absence,xenosomes,absence,presence,bacterivory
Difflugia lingula,Difflugia,230,260,245,155,193,174,100,143,121.5,0.71,0.7,pyriform,30,42,36,NA,NA,25.14,0.21,0.7,straight terminal,absent,curved,absence,xenosomes,absence,absence,bacterivory
Difflugia lingula regularis,Difflugia,149,190,169.5,90,120,105,55,70,62.5,0.62,0.6,pyriform,25,30,27.5,14.88,17.86,16.37,0.26,0.6,straight terminal,absent,curved,absence,xenosomes,absence,absence,bacterivory
Difflugia lobostoma,Difflugia,88,186,137,68,166,117,68,166,117,0.85,1,ovoid,28,60,44,28,60,44,0.38,1,straight terminal,absent,lobbed,presence,xenosomes,absence,absence,mixotrophy
Difflugia lucida,Difflugia,40,90,65,25,55,40,16,37,26.5,0.62,0.66,ovoid,12,41,26.5,7.95,27.16,17.56,0.66,0.66,straight terminal,absent,curved,absence,xenosomes,absence,absence,bacterivory
Difflugia mamma,Difflugia,91,135,113,37,94,65.5,NA,NA,65.5,0.58,1,ovoid,33,48,40.5,NA,NA,40.5,0.62,1,straight terminal,absent,curved,absence,xenosomes,absence,absence,bacterivory
Difflugia mammilaris,Difflugia,90,130,110,54,72,63,NA,NA,63,0.57,1,ovoid,23,31,27,NA,NA,27,0.43,1,straight terminal,absent,curved,absence,xenosomes,absence,absence,bacterivory
Difflugia mica,Difflugia,44,60,52,35,55,45,35,55,45,0.87,1,ovoid,12,19,15.5,12,19,15.5,0.34,1,straight terminal,absent,curved,absence,xenosomes,absence,absence,bacterivory
Difflugia microclaviformis,Difflugia,190,205,197.5,75,95,85,NA,NA,85,0.43,1,pyriform,18,28,23,NA,NA,23,0.27,1,straight terminal,absent,curved,absence,xenosomes,absence,absence,bacterivory
Difflugia microstoma,Difflugia,68,105,86.5,63,83,73,63,83,73,0.84,1,hemisphere,18,29,23.5,18,29,23.5,0.32,1,straight terminal,absent,curved,absence,xenosomes,absence,absence,bacterivory
Difflugia minuta,Difflugia,44,53,48.5,34,48,41,34,48,41,0.85,1,sphere,9,12,10.5,9,12,10.5,0.26,1,straight terminal,absent,curved,absence,xenosomes,absence,absence,bacterivory
Difflugia minuta minor,Difflugia,28,35,31.5,17,20,18.5,17,20,18.5,0.59,1,ovoid,8,10,9,8,10,9,0.49,1,straight terminal,absent,curved,absence,xenosomes,absence,absence,bacterivory
Difflugia molesta,Difflugia,106,114,110,61,87,74,61,87,74,0.67,1,ovoid,28,43,35.5,28,43,35.5,0.48,1,straight terminal,absent,straight,absence,xenosomes,absence,absence,bacterivory
Difflugia nodosa,Difflugia,300,480,390,180,300,240,50,140,95,0.62,0.4,pyriform,NA,NA,53,NA,NA,20.98,0.22,0.4,straight terminal,absent,curved,absence,xenosomes,absence,absence,mixotrophy
Difflugia oblonga,Difflugia,160,240,200,80,130,105,80,130,105,0.52,1,pyriform,25,42,33.5,25,42,33.5,0.32,1,straight terminal,absent,curved,absence,xenosomes,absence,absence,mixotrophy
Difflugia ovalisina,Difflugia,25,29,27,18,28,23,18,28,23,0.85,1,ovoid,9,15,12,9,15,12,0.52,1,straight terminal,absent,curved,presence,xenosomes,absence,absence,bacterivory
Difflugia oranensis,Difflugia,79,93,86,20,35,27.5,20,25,22.5,0.32,0.82,ovoid,22,24,23,NA,NA,18.82,0.84,0.82,straight terminal,absent,curved,absence,xenosomes,absence,absence,bacterivory
Difflugia parva,Difflugia,131,162,146.5,61,80,70.5,61,80,70.5,0.48,1,pyriform,19,27,23,19,27,23,0.33,1,straight terminal,absent,straight,absence,xenosomes,absence,absence,bacterivory
Difflugia paulii,Difflugia,119,130,124.5,48,54,51,48,54,51,0.41,1,cylinder,19,23,21,19,23,21,0.41,1,straight terminal,absent,curved,absence,xenosomes,absence,absence,bacterivory
Difflugia pecac,Difflugia,62,84,73,25,36,30.5,19,30,24.5,0.42,0.8,rectangular cuboid,12,22,17,NA,NA,13.66,0.56,0.8,straight terminal,absent,straight,absence,xenosomes,absence,absence,bacterivory
Difflugia penardi,Difflugia,60,94,77,30,54,42,30,54,42,0.55,1,ovoid,17,19,18,17,19,18,0.43,1,straight terminal,absent,straight,absence,xenosomes,absence,absence,bacterivory
Difflugia petricola,Difflugia,96,151,123.5,61,99,80,61,99,80,0.65,1,pyriform,20,36,28,20,36,28,0.35,1,straight terminal,absent,straight,presence,xenosomes,absence,absence,bacterivory
Difflugia pristis,Difflugia,33,65,49,21,31,26,21,31,26,0.53,1,ovoid,10,13,11.5,10,13,11.5,0.44,1,straight terminal,absent,denticular,absence,xenosomes,absence,absence,bacterivory
Difflugia pulex,Difflugia,28,43,35.5,16,30,23,16,30,23,0.65,1,pyriform,7,14,10.5,7,14,10.5,0.46,1,straight terminal,absent,straight,absence,xenosomes,absence,absence,bacterivory
Difflugia pyriformis,Difflugia,154,253,203.5,90,153,121.5,90,153,121.5,0.6,1,pyriform,35,56,45.5,35,56,45.5,0.37,1,straight terminal,absent,straight,absence,xenosomes,absence,absence,mixotrophy
Difflugia rotunda,Difflugia,133,204,168.5,138,193,165.5,138,193,165.5,0.98,1,hemisphere,79,113,96,79,113,96,0.58,1,straight terminal,absent,straight,absence,xenosomes,absence,absence,bacterivory
Difflugia rubescens,Difflugia,57,105,81,38,70,54,38,70,54,0.67,1,pyriform,14,30,22,14,30,22,0.41,1,straight terminal,absent,denticular,absence,xenosomes,absence,absence,bacterivory
Difflugia scalpellum,Difflugia,227,300,263.5,52,79,65.5,NA,NA,65.5,0.25,1,cylinder,32,33,32.5,NA,NA,32.5,0.5,1,straight terminal,absent,curved,absence,xenosomes,absence,absence,bacterivory
Difflugia schuurmani,Difflugia,50,85,67.5,36,69,52.5,NA,NA,52.5,0.78,1,ovoid,18,30,24,NA,NA,24,0.46,1,straight terminal,absent,lobbed,absence,xenosomes,absence,absence,bacterivory
Difflugia smilion,Difflugia,170,226,198,42,58,50,NA,NA,50,0.25,1,cylinder,40,50,45,NA,NA,45,0.9,1,straight terminal,absent,straight,absence,xenosomes,absence,absence,bacterivory
Difflugia sphincta,Difflugia,NA,NA,175,NA,NA,145,NA,NA,90.62,0.83,0.62,pyriform,NA,NA,50,NA,NA,31.25,0.34,0.62,straight terminal,absent,straight,absence,xenosomes,absence,absence,bacterivory
Difflugia stechlinensis,Difflugia,28,44,36,22,39,30.5,22,39,30.5,0.85,1,ovoid,10,15,12.5,10,15,12.5,0.41,1,straight terminal,absent,straight,absence,xenosomes,absence,absence,bacterivory
Difflugia styla,Difflugia,NA,NA,97,NA,NA,54,NA,NA,54,0.56,1,ovoid,NA,NA,29,NA,NA,29,0.54,1,straight terminal,absent,straight,absence,xenosomes,absence,presence,bacterivory
Difflugia szczepanskii,Difflugia,60,80,70,30,35,32.5,20,27,23.5,0.46,0.72,ovoid,NA,NA,14.3,NA,NA,10.34,0.44,0.72,straight terminal,absent,lobbed,absence,xenosomes,absence,absence,bacterivory
Difflugia urceolata,Difflugia,204,398,301,193,426,309.5,193,426,309.5,1.03,1,sphere,87,198,142.5,87,198,142.5,0.46,1,straight terminal,absent,curved,presence,xenosomes,absence,presence,mixotrophy
Ellipsopyxis pauliani,Ellipsopyxis,40,45,42.5,64,70,67,40,49,44.5,1.58,0.66,rectangular cuboid,16,17.5,16.75,13,8.5,10.75,0.25,0.64,central ventral,slightly,straight,absence,xenosomes,absence,absence,bacterivory
Euglypha acanthophora,Euglypha,55,80,67.5,27.5,40,33.75,27.5,40,33.75,0.5,1,pyriform,13.75,20,16.88,13.75,20,16.88,0.5,1,straight terminal,absent,denticular,absence,idiosomes,absence,presence,bacterivory
Euglypha acanthophora flexuosa,Euglypha,60,70,65,28,32,30,28,32,30,0.46,1,pyriform,18,20,19,18,20,19,0.63,1,straight terminal,absent,denticular,absence,idiosomes,absence,presence,bacterivory
Euglypha anodonta,Euglypha,NA,NA,20,NA,NA,14,NA,NA,9,0.7,0.64,ovoid,7,10,8.5,4.5,6.43,5.46,0.61,0.64,straight terminal,absent,denticular,absence,idiosomes,absence,absence,bacterivory
Euglypha anodonta magna,Euglypha,30,47,38.5,24,28,26,15,18,16.5,0.68,0.63,ovoid,NA,NA,16.95,NA,NA,10.76,0.65,0.63,straight terminal,absent,denticular,absence,idiosomes,absence,absence,bacterivory
Euglypha bryophila,Euglypha,35,52,43.5,17.5,26,21.75,17.5,26,21.75,0.5,1,pyriform,7,10,8.5,7,10,8.5,0.39,1,straight terminal,absent,denticular,absence,idiosomes,absence,presence,bacterivory
Euglypha capsiosa,Euglypha,25,27,26,15,21,18,11.67,16.33,14,0.69,0.78,ovoid,2.3,4.1,3.6,1.8,3.2,2.8,0.2,0.78,straight terminal,absent,denticular,absence,idiosomes,absence,presence,bacterivory
Euglypha ciliata,Euglypha,40,100,70,24,60,42,18,36,27,0.6,0.64,ovoid,10,23,16.5,7,16,11.5,0.39,0.7,straight terminal,absent,denticular,absence,idiosomes,absence,presence,bacterivory
Euglypha ciliata glabra,Euglypha,40,100,70,24,60,42,18,36,27,0.6,0.64,ovoid,10,23,16.5,7,16,11.5,0.39,0.7,straight terminal,absent,denticular,absence,idiosomes,absence,absence,bacterivory
Euglypha ciliata heterospina,Euglypha,40,100,70,24,60,42,18,36,27,0.6,0.64,ovoid,10,23,16.5,7,16,11.5,0.39,0.7,straight terminal,absent,denticular,absence,idiosomes,absence,presence,bacterivory
Euglypha compressa,Euglypha,70,132,101,40,80,60,20,45,32.5,0.59,0.54,ovoid,18,28,23,9.75,15.17,12.46,0.38,0.54,straight terminal,absent,denticular,absence,idiosomes,absence,presence,bacterivory
Euglypha compressa glabra,Euglypha,70,132,101,40,80,60,20,45,32.5,0.59,0.54,ovoid,18,28,23,9.75,15.17,12.46,0.38,0.54,straight terminal,absent,denticular,absence,idiosomes,absence,absence,bacterivory
Euglypha cristata,Euglypha,31,70,50.5,12,23,17.5,12,23,17.5,0.35,1,pyriform,10,12,11,10,12,11,0.63,1,straight terminal,absent,denticular,absence,idiosomes,absence,presence,bacterivory
Euglypha cristata decora,Euglypha,31,70,50.5,12,23,17.5,12,23,17.5,0.35,1,pyriform,10,12,11,10,12,11,0.63,1,straight terminal,absent,denticular,absence,idiosomes,absence,absence,bacterivory
Euglypha cristata lanceolata,Euglypha,NA,NA,44,NA,NA,17,NA,NA,17,0.39,1,pyriform,NA,NA,8,NA,NA,8,0.47,1,straight terminal,absent,denticular,absence,idiosomes,absence,presence,bacterivory
Euglypha cristata major,Euglypha,70,90,80,20,24,22,20,24,22,0.28,1,pyriform,12,14.4,13.2,12,14.4,13.2,0.6,1,straight terminal,absent,denticular,absence,idiosomes,absence,absence,bacterivory
Euglypha cuspidata,Euglypha,30,35,32.5,18,22,20,8,10,9,0.62,0.45,ovoid,NA,NA,8,NA,NA,6,0.4,0.75,straight terminal,absent,denticular,absence,idiosomes,absence,absence,bacterivory
Euglypha denticulata,Euglypha,23,49,36,15,36,25.5,NA,NA,25.5,0.71,1,ovoid,6.5,10,8.25,6.5,10,8.25,0.32,1,straight terminal,absent,denticular,absence,idiosomes,absence,absence,bacterivory
Euglypha filifera,Euglypha,55,70,62.5,25,35,30,12,21,16.5,0.48,0.55,ovoid,10,14,12,5.5,7.7,6.6,0.4,0.55,straight terminal,absent,denticular,absence,idiosomes,absence,presence,bacterivory
Euglypha filifera cylindracea,Euglypha,65,68,66.5,23,24,23.5,NA,NA,12.93,0.35,0.55,ovoid,9,10,9.5,NA,NA,5.23,0.4,0.55,straight terminal,absent,denticular,absence,idiosomes,absence,presence,bacterivory
Euglypha filifera magna,Euglypha,NA,NA,106,63,78,70.5,NA,NA,38.78,0.67,0.55,ovoid,20,30,25,NA,NA,13.75,0.35,0.55,straight terminal,absent,denticular,absence,idiosomes,absence,presence,bacterivory
Euglypha filifera pyriformis,Euglypha,48,50,49,24,30,27,17,23,20,0.55,0.74,ovoid,6,10,8,4.44,7.41,5.93,0.3,0.74,straight terminal,absent,denticular,absence,idiosomes,absence,presence,bacterivory
Euglypha filifera spinosa,Euglypha,60,90,75,26,40,33,NA,NA,18.15,0.44,0.55,ovoid,10,15,12.5,NA,NA,6.88,0.38,0.55,straight terminal,absent,denticular,absence,idiosomes,absence,presence,bacterivory
Euglypha hyalina,Euglypha,17,36,26.5,10,20,15,5.56,11.11,8.33,0.57,0.56,ovoid,NA,NA,4.5,NA,NA,2.5,0.3,0.56,straight terminal,absent,denticular,absence,idiosomes,absence,presence,bacterivory
Euglypha laevis,Euglypha,22,60,41,10,30,20,NA,NA,20,0.49,1,ovoid,5,15,10,5,15,10,0.5,1,straight terminal,absent,denticular,absence,idiosomes,absence,absence,bacterivory
Euglypha marginata,Euglypha,NA,NA,111,NA,NA,80,NA,NA,40,0.72,0.5,ovoid,NA,NA,25,NA,NA,12.5,0.31,0.5,straight terminal,absent,denticular,absence,idiosomes,absence,absence,bacterivory
Euglypha polylepis,Euglypha,57,95,70,36,68,43,NA,NA,39.34,0.61,0.91,ovoid,12,25,17,NA,NA,15.55,0.4,0.92,straight terminal,absent,denticular,absence,idiosomes,absence,absence,bacterivory
Euglypha rotunda,Euglypha,22,52,37,11,26,18.5,11,26,18.5,0.5,1,ovoid,6,12,9,6,12,9,0.49,1,straight terminal,absent,denticular,absence,idiosomes,absence,absence,bacterivory
Euglypha rotunda obliqua,Euglypha,NA,NA,60,NA,NA,20,NA,NA,20,0.33,1,ovoid,8,10,9,8,10,9,0.45,1,straight terminal,absent,denticular,absence,idiosomes,absence,absence,bacterivory
Euglypha simplex,Euglypha,43,59,51,22,36,29,NA,NA,14.5,0.57,0.5,ovoid,NA,NA,15.14,NA,NA,7.57,0.52,0.5,straight terminal,absent,denticular,absence,idiosomes,absence,absence,bacterivory
Euglypha strigosa,Euglypha,45,100,72.5,30,60,45,20,30,25,0.62,0.56,ovoid,12,23,17.5,6.67,12.78,9.72,0.39,0.56,straight terminal,absent,denticular,absence,idiosomes,absence,presence,bacterivory
Euglypha strigosa glabra,Euglypha,45,100,72.5,30,60,45,20,30,25,0.62,0.56,pyriform,12,23,17.5,6.67,12.78,9.72,0.39,0.56,straight terminal,absent,denticular,absence,idiosomes,absence,absence,bacterivory
Euglypha strigosa heterospina,Euglypha,45,100,72.5,30,60,45,20,30,25,0.62,0.56,ovoid,12,23,17.5,6.67,12.78,9.72,0.39,0.56,straight terminal,absent,denticular,absence,idiosomes,absence,presence,bacterivory
Euglypha strigosa muscorum,Euglypha,45,60,52.5,35,45,40,19.46,25.02,22.24,0.76,0.56,ovoid,12,18,15,6.67,10.01,8.34,0.38,0.56,straight terminal,absent,denticular,absence,idiosomes,absence,presence,bacterivory
Euglypha tuberculata,Euglypha,45,100,72.5,24,50,37,24,50,37,0.51,1,ovoid,10,20,15,10,20,15,0.41,1,straight terminal,absent,denticular,absence,idiosomes,absence,absence,bacterivory
Euglypha tuberculata minor,Euglypha,28,40,34,14,20,17,14,20,17,0.5,1,ovoid,NA,NA,6.8,NA,NA,6.8,0.4,1,straight terminal,absent,denticular,absence,idiosomes,absence,absence,bacterivory
Galeripora arenaria,Galeripora,10,25,17.5,70,90,80,70,90,80,4.57,1,patelliform,14,18,16,14,18,16,0.2,1,central ventral,slightly,straight,absence,organic,absence,absence,bacterivory
Galeripora arenaria compressa,Galeripora,5,6,5.5,70,80,75,70,80,75,13.64,1,patelliform,9,10,9.5,9,10,9.5,0.13,1,central ventral,slightly,straight,absence,organic,absence,absence,bacterivory
Galeripora arenaria sphagnicola,Galeripora,28,39,33.5,80,125,102.5,80,125,102.5,3.06,1,patelliform,16,18,17,16,18,17,0.17,1,central ventral,slightly,straight,absence,organic,absence,absence,bacterivory
Galeripora artocrea,Galeripora,46,64,55,184,216,200,184,216,200,3.64,1,patelliform,36,42,39,36,42,39,0.2,1,central ventral,slightly,straight,presence,organic,absence,absence,bacterivory
Galeripora artocrea pseudocatinus,Galeripora,60,64,62,152,156,154,152,156,154,2.48,1,patelliform,30,36,33,30,36,33,0.21,1,central ventral,absent,straight,presence,organic,absence,absence,bacterivory
Galeripora bathystoma,Galeripora,20,25,22.5,55,62,58.5,55,62,58.5,2.6,1,patelliform,19,21,20,19,21,20,0.34,1,central ventral,strongly,straight,absence,organic,absence,absence,bacterivory
Galeripora catinus,Galeripora,32,46,39,77,120,98.5,77,120,98.5,2.53,1,patelliform,18.6,26,22.3,18.6,26,22.3,0.23,1,central ventral,slightly,straight,absence,organic,absence,absence,bacterivory
Galeripora dentata,Galeripora,44,48,46,132,184,158,132,184,158,3.43,1,patelliform,40,44,42,40,44,42,0.27,1,central ventral,slightly,straight,absence,organic,absence,presence,bacterivory
Galeripora discoides,Galeripora,25,31,28,120,130,125,120,130,125,4.46,1,patelliform,45,46,45.5,45,46,45.5,0.36,1,central ventral,strongly,straight,absence,organic,absence,absence,bacterivory
Galeripora discoides foveosa,Galeripora,20,24,22,56,78,67,56,78,67,3.05,1,patelliform,18,28,23,18,28,23,0.34,1,central ventral,strongly,straight,absence,organic,absence,absence,bacterivory
Galeripora discoides pseudovulgaris,Galeripora,29,36,32.5,90,128,109,90,128,109,3.35,1,patelliform,37,48,42.5,37,48,42.5,0.39,1,central ventral,strongly,straight,absence,organic,absence,absence,bacterivory
Galeripora discoides pseudovulgaris undulata,Galeripora,36,40,38,118,122,120,118,122,120,3.16,1,patelliform,42,50,46,42,50,46,0.38,1,central ventral,strongly,straight,absence,organic,absence,absence,bacterivory
Galeripora discoides scutelliformis,Galeripora,18,26,22,61,82,71.5,61,82,71.5,3.25,1,patelliform,17,28,22.5,17,28,22.5,0.31,1,central ventral,strongly,straight,absence,organic,absence,absence,bacterivory
Galeripora megastoma,Galeripora,36,55,45.5,180,365,272.5,180,365,272.5,5.99,1,patelliform,68,131,99.5,68,131,99.5,0.37,1,central ventral,strongly,straight,absence,organic,absence,absence,bacterivory
Galeripora polypora,Galeripora,25,36,30.5,120,125,122.5,120,125,122.5,4.02,1,patelliform,37,43,40,37,43,40,0.33,1,central ventral,strongly,straight,absence,organic,absence,absence,bacterivory
Galeripora polypora undulata,Galeripora,NA,NA,28,NA,NA,100,NA,NA,100,3.57,1,patelliform,NA,NA,40,NA,NA,40,0.4,1,central ventral,strongly,straight,absence,organic,absence,absence,bacterivory
Geopyxella aquatica,Geopyxella,50,75,62.5,90,110,100,90,110,100,1.6,1,hemisphere,NA,NA,20,NA,NA,20,0.2,1,shifted ventral,absent,straight,absence,xenosomes,absence,absence,bacterivory
Gibbocarina galeata,Gibbocarina,180,283,231.5,94,190,142,33.56,67.83,50.69,0.61,0.36,pyriform,26,52,39,9.28,18.56,13.92,0.27,0.36,straight terminal,absent,straight,presence,cleptostomes,absence,absence,predatory
Gibbocarina galeata orbicularis,Gibbocarina,166,208,187,140,170,155,49.7,60.35,55.02,0.83,0.35,pyriform,31.64,38.42,35.03,11.23,13.64,12.44,0.23,0.36,straight terminal,absent,straight,presence,cleptostomes,absence,absence,predatory
Gibbocarina gracilis,Gibbocarina,90,130,110,50,60,55,NA,NA,31.07,0.5,0.56,pyriform,NA,NA,19.63,NA,NA,11.09,0.36,0.56,straight terminal,absent,straight,absence,cleptostomes,absence,absence,predatory
Golemanskia viscidula,Golemanskia,180,267,223.5,NA,NA,130.75,NA,NA,110.87,0.58,0.85,ovoid,NA,NA,74,NA,NA,62.75,0.57,0.85,straight terminal,absent,curved,absence,xenosomes,absence,absence,bacterivory
Heleopera lata,Heleopera,NA,NA,115,NA,NA,100,NA,NA,80,0.87,0.8,ovoid,NA,NA,55,NA,NA,44,0.55,0.8,straight terminal,absent,curved,absence,xenosomes,absence,absence,bacterivory
Heleopera petricola,Heleopera,80,100,90,51,57,54,40,50,45,0.6,0.83,ovoid,31,34,32.5,25.83,28.33,27.08,0.6,0.83,straight terminal,absent,curved,absence,xenosomes,absence,absence,bacterivory
Heleopera petricola amethystea,Heleopera,125,150,137.5,NA,NA,82.5,NA,NA,68.72,0.6,0.83,ovoid,NA,NA,49.62,NA,NA,41.33,0.6,0.83,straight terminal,absent,curved,absence,xenosomes,absence,absence,bacterivory
Heleopera rosea,Heleopera,125,135,130,NA,NA,69.7,NA,NA,55.76,0.54,0.8,ovoid,NA,NA,38.9,NA,NA,31.12,0.56,0.8,straight terminal,absent,straight,absence,xenosomes,absence,absence,bacterivory
Heleopera sphagni,Heleopera,100,140,120,70,73,71.5,42,51,46.5,0.6,0.65,ovoid,40,45,42.5,26.01,29.27,27.64,0.59,0.65,straight terminal,absent,curved,absence,xenosomes,absence,absence,bacterivory
Heleopera sylvatica,Heleopera,50,75,62.5,30,50,40,NA,NA,14.2,0.64,0.36,ovoid,NA,NA,38.3,NA,NA,13.6,0.96,0.36,straight terminal,absent,curved,absence,xenosomes,absence,absence,bacterivory
Hyalosphenia elegans,Hyalosphenia,68,130,99,40,60,50,NA,NA,23.7,0.51,0.47,pyriform,NA,NA,19.45,NA,NA,9.22,0.39,0.47,straight terminal,absent,curved,presence,organic,absence,absence,bacterivory
Hyalosphenia elegans cylindricollis,Hyalosphenia,130,145,137.5,NA,NA,64.76,NA,NA,36.46,0.47,0.56,pyriform,NA,NA,20.24,NA,NA,11.39,0.31,0.56,straight terminal,absent,curved,presence,organic,absence,absence,bacterivory
Hyalosphenia insecta,Hyalosphenia,68,84,76,29,42,35.5,NA,NA,20.55,0.47,0.58,pyriform,NA,NA,13.06,NA,NA,7.56,0.37,0.58,straight terminal,absent,curved,presence,organic,absence,absence,bacterivory
Hyalosphenia minuta,Hyalosphenia,26,41,33.5,16,25,20.5,NA,NA,15.58,0.61,0.76,ovoid,NA,NA,9.84,NA,NA,7.48,0.48,0.76,straight terminal,absent,straight,absence,organic,absence,absence,bacterivory
Hyalosphenia ovalis,Hyalosphenia,130,180,155,90,140,115,NA,NA,57.5,0.74,0.5,ovoid,NA,NA,44.05,NA,NA,22.02,0.38,0.5,straight terminal,absent,straight,presence,organic,absence,absence,bacterivory
Hyalosphenia papilio,Hyalosphenia,90,175,132.5,60,155,107.5,NA,NA,53.75,0.81,0.5,ovoid,NA,NA,48.91,NA,NA,24.46,0.46,0.5,straight terminal,absent,curved,presence,organic,absence,absence,mixotrophy
Hyalosphenia platystoma,Hyalosphenia,40,42,41,28,32,30,NA,NA,13.74,0.73,0.46,ovoid,NA,NA,23.76,NA,NA,10.88,0.79,0.46,straight terminal,absent,straight,absence,organic,absence,absence,bacterivory
Hyalosphenia subflava,Hyalosphenia,45,87,66,30,53,41.5,NA,NA,20.75,0.63,0.5,ovoid,25,47,36,NA,NA,18,0.87,0.5,straight terminal,absent,straight,absence,organic,absence,absence,bacterivory
Jungia sudanensis,Jungia,120,150,135,62,70,66,NA,NA,59.27,0.49,0.9,ovoid,26,32,29,NA,NA,26.04,0.44,0.9,straight terminal,absent,curved,absence,idiosomes,absence,absence,bacterivory
Lagenodifflugia bryophila,Lagenodifflugia,99,146,122.5,55,66,60.5,NA,NA,60.5,0.49,1,pyriform,18,29,23.5,NA,NA,23.5,0.39,1,straight terminal,absent,curved,absence,cleptostomes,presence,absence,predatory
Lagenodifflugia epiouxi,Lagenodifflugia,285,340,312.5,165,190,177.5,NA,NA,168.62,0.57,0.95,pyriform,83,100,91.5,NA,NA,86.92,0.52,0.95,straight terminal,absent,curved,absence,cleptostomes,presence,absence,predatory
Lagenodifflugia montana,Lagenodifflugia,91,125,108,68,81,74.5,NA,NA,74.5,0.69,1,pyriform,15,18,16.5,NA,NA,16.5,0.22,1,straight terminal,absent,curved,absence,cleptostomes,presence,absence,predatory
Lagenodifflugia sphaeroideus,Lagenodifflugia,99,112,105.5,50,60,55,NA,NA,55,0.52,1,pyriform,18,30,24,18,30,24,0.44,1,straight terminal,absent,curved,absence,cleptostomes,presence,absence,predatory
Lagenodifflugia vas,Lagenodifflugia,150,358,254,NA,NA,165.1,NA,NA,165.1,0.65,1,pyriform,NA,NA,71,NA,NA,71,0.43,1,straight terminal,absent,curved,absence,cleptostomes,presence,absence,predatory
Lesquereusia epistomium,Lesquereusia,90,170,130,55,60,57.5,NA,NA,57.5,0.44,1,spiral,NA,NA,37,NA,NA,37,0.64,1,sub terminal,absent,curved,absence,idiosomes,presence,absence,bacterivory
Lesquereusia inequalis,Lesquereusia,NA,NA,135,NA,NA,125,NA,NA,62.5,0.93,0.5,spiral,NA,NA,25.88,NA,NA,12.94,0.21,0.5,sub terminal,absent,curved,absence,idiosomes,presence,absence,bacterivory
Lesquereusia modesta,Lesquereusia,100,174,137,100,159,129.5,75,112,93.5,0.95,0.72,spiral,25,43,34,18.05,31.05,24.55,0.26,0.72,sub terminal,absent,curved,absence,idiosomes,presence,absence,bacterivory
Lesquereusia spiralis,Lesquereusia,90,150,120,86,109,97.5,NA,NA,46.02,0.81,0.47,spiral,NA,NA,40,NA,NA,40,0.41,1,sub terminal,absent,straight,absence,idiosomes,presence,absence,bacterivory
Longinebela penardiana,Longinebela,115,180,147.5,65,80,72.5,37,54,45.5,0.49,0.63,pyriform,23,34,28.5,14.43,21.34,17.89,0.39,0.63,straight terminal,absent,curved,presence,cleptostomes,absence,absence,predatory
Longinebela speciosa,Longinebela,236,272,254,115,123,119,NA,NA,90.1,0.47,0.76,pyriform,NA,NA,48.2,NA,NA,36.49,0.41,0.76,straight terminal,absent,straight,absence,cleptostomes,absence,absence,predatory
Longinebela tubulosa,Longinebela,190,264,227,80,155,117.5,54,71,62.5,0.52,0.53,pyriform,35,63,49,18.62,33.51,26.06,0.42,0.53,straight terminal,absent,curved,presence,cleptostomes,absence,absence,predatory
Meisterfeldia chibisovi,Meisterfeldia,9.5,10.75,10.12,4.5,5.5,5,4.5,5.5,5,0.49,1,ovoid,2.25,3,2.62,2.25,3,2.62,0.52,1,sub terminal,absent,straight,absence,organic,absence,absence,bacterivory
Meisterfeldia polygonia,Meisterfeldia,6.75,7.5,7.12,3.75,4.5,4.12,3.75,4,3.88,0.58,0.94,ovoid,2.5,3,2.75,2.35,2.82,2.58,0.67,0.94,sub terminal,absent,straight,absence,organic,absence,absence,bacterivory
Meisterfeldia vanhoornei,Meisterfeldia,13,15.5,14.25,NA,NA,11.24,8,8.5,8.25,0.79,0.73,ovoid,3.8,4.5,4.15,2.79,3.3,4.15,0.37,1,sub terminal,absent,straight,absence,organic,absence,absence,bacterivory
Microchlamys patella,Microchlamys,NA,NA,10.02,36,50,43,36,50,43,4.29,1,patelliform,NA,NA,12.9,NA,NA,12.9,0.3,1,central ventral,absent,curved,absence,organic,absence,absence,bacterivory
Mrabella subcarinata,Mrabella,150,220,185,70,115,92.5,50,60,55,0.5,0.59,pyriform,33,40,36.5,19.62,23.78,21.7,0.39,0.59,straight terminal,absent,curved,absence,idiosomes,absence,absence,bacterivory
Nebela barbata,Nebela,80,160,120,40,60,50,36,41,38.5,0.42,0.77,pyriform,10,16,13,7.7,12.32,10.01,0.26,0.77,straight terminal,absent,denticular,presence,cleptostomes,absence,presence,predatory
Nebela bohemica,Nebela,65,125,95,61,105,83,NA,NA,53.12,0.87,0.64,pyriform,88,93,90.5,NA,NA,57.92,1.09,0.64,straight terminal,absent,curved,absence,cleptostomes,absence,absence,predatory
Nebela carinatella,Nebela,69,87,78,51,69,60,NA,NA,28,0.77,0.47,pyriform,NA,NA,25,NA,NA,11.67,0.42,0.47,straight terminal,absent,straight,presence,cleptostomes,absence,absence,predatory
Nebela collaris,Nebela,98,153,125.5,72,91,81.5,33,42,37.5,0.65,0.46,pyriform,24,35,29.5,11.04,16.1,13.57,0.36,0.46,straight terminal,absent,curved,presence,cleptostomes,absence,absence,predatory
Nebela flabellulum,Nebela,76,88,82,86,95,90.5,35,41,38,1.1,0.42,ovoid,18,25,21.5,7.56,10.5,9.03,0.24,0.42,straight terminal,absent,straight,presence,cleptostomes,absence,absence,predatory
Nebela longitubulata,Nebela,NA,NA,120,NA,NA,45,NA,NA,36,0.38,0.8,pyriform,NA,NA,18,NA,NA,14.4,0.4,0.8,straight terminal,absent,curved,presence,cleptostomes,absence,absence,predatory
Nebela minor,Nebela,80,100,90,55,70,62.5,NA,NA,34.06,0.69,0.54,pyriform,22,28,25,NA,NA,13.63,0.4,0.54,straight terminal,absent,curved,absence,cleptostomes,absence,absence,predatory
Nebela parvula,Nebela,78,90,84,55,58,56.5,NA,NA,39.55,0.67,0.7,pyriform,18,19,18.5,NA,NA,12.95,0.33,0.7,straight terminal,absent,straight,absence,cleptostomes,absence,absence,predatory
Nebela pulcherrima,Nebela,180,185,182.5,NA,NA,100,NA,NA,66.7,0.55,0.67,pyriform,NA,NA,40,NA,NA,26.68,0.4,0.67,straight terminal,absent,straight,absence,cleptostomes,absence,absence,predatory
Nebela tincta,Nebela,75,95,85,55,64,59.5,NA,NA,38.79,0.7,0.65,ovoid,15,30,22.5,NA,NA,14.67,0.38,0.65,straight terminal,absent,straight,presence,cleptostomes,absence,absence,predatory
Netzelia compressa,Netzelia,160,200,180,104,152,128,NA,NA,96,0.71,0.75,ovoid,56,64,60,NA,NA,45,0.47,0.75,straight terminal,absent,curved,absence,xenosomes,absence,absence,bacterivory
Netzelia corona,Netzelia,105,380,242.5,NA,NA,242.5,NA,NA,242.5,1,1,hemisphere,NA,NA,104.61,NA,NA,104.61,0.43,1,straight terminal,absent,denticular,absence,xenosomes,absence,presence,bacterivory
Netzelia gramen,Netzelia,60,117,88.5,47,112,79.5,47,112,79.5,0.9,1,ovoid,17,39,28,NA,NA,28,0.35,1,straight terminal,absent,lobbed,presence,xenosomes,absence,absence,bacterivory
Netzelia levanderi,Netzelia,78,116,97,51,78,64.5,NA,NA,64.5,0.66,1,ovoid,32,42,37,NA,NA,37,0.57,1,straight terminal,absent,curved,absence,xenosomes,absence,absence,bacterivory
Netzelia lithophila,Netzelia,93,140,116.5,67,99,83,NA,NA,83,0.71,1,ovoid,32,47,39.5,NA,NA,39.5,0.48,1,straight terminal,absent,curved,presence,xenosomes,absence,absence,bacterivory
Netzelia oviformis,Netzelia,67,87,77,45,67,56,45,67,56,0.73,1,ovoid,17,26,21.5,17,26,21.5,0.38,1,straight terminal,absent,lobbed,presence,xenosomes,absence,absence,bacterivory
Netzelia tuberculata,Netzelia,114,149,131.5,104,130,117,NA,NA,117,0.89,1,ovoid,29,44,36.5,29,44,36.5,0.31,1,straight terminal,absent,lobbed,presence,xenosomes,absence,absence,mixotrophy
Netzelia wailesi,Netzelia,97,121,109,74,90,82,NA,NA,82,0.75,1,ovoid,26,36,31,26,36,31,0.38,1,straight terminal,absent,lobbed,absence,xenosomes,absence,absence,bacterivory
Oopyxis cyclostoma,Oopyxis,50,80,65,40,50,45,NA,NA,45,0.69,1,ovoid,20,25,22.5,20,25,22.5,0.5,1,shifted ventral,absent,straight,absence,xenosomes,absence,absence,bacterivory
Padaungiella lageniformis,Padaungiella,95,145,120,NA,NA,57.8,NA,NA,38.55,0.48,0.67,pyriform,NA,NA,24.4,NA,NA,16.27,0.42,0.67,straight terminal,absent,curved,absence,cleptostomes,absence,absence,predatory
Padaungiella tubulata,Padaungiella,63,73,68,27,34,30.5,10,17,13.5,0.45,0.44,pyriform,11,13,12,4.87,5.75,5.31,0.39,0.44,straight terminal,absent,curved,absence,cleptostomes,absence,absence,predatory
Padaungiella wailesi,Padaungiella,75,100,87.5,NA,NA,42.17,NA,NA,27.29,0.48,0.65,pyriform,NA,NA,21.2,NA,NA,13.72,0.5,0.65,straight terminal,absent,curved,absence,cleptostomes,absence,absence,predatory
Padaungiella wetekampi,Padaungiella,149,159,154,60,70,65,30,47,38.5,0.42,0.59,pyriform,26,33,29.5,NA,NA,17.47,0.45,0.59,straight terminal,absent,straight,absence,cleptostomes,absence,absence,predatory
Paramphitrema pontica,Paramphitrema,NA,NA,42,NA,NA,17,NA,NA,13,0.4,0.76,cylinder,NA,NA,4,NA,NA,3.06,0.24,0.76,amphistomic,absent,straight,presence,xenosomes,absence,absence,mixotrophy
Paraquadrula irregularis,Paraquadrula,26,32,29,24,30,27,16,21,18.5,0.93,0.69,ovoid,8,13,10.5,5.48,8.91,7.19,0.39,0.69,straight terminal,absent,straight,absence,idiosomes,absence,absence,bacterivory
Paulinella chromatophora,Paulinella,20,32,26,NA,NA,20.12,NA,NA,20.12,0.77,1,pyriform,NA,NA,4.91,NA,NA,4.91,0.24,1,straight terminal,absent,straight,absence,idiosomes,absence,absence,bacterivory
Phryganella acropodia,Phryganella,20,80,50,35,110,72.5,35,110,72.5,1.45,1,hemisphere,17,45,31,17,45,31,0.43,1,central ventral,absent,straight,absence,xenosomes,absence,absence,bacterivory
Phryganella acropodia penardi,Phryganella,NA,NA,20.45,20,28,24,20,28,24,1.17,1,hemisphere,NA,NA,8.81,NA,NA,8.81,0.37,1,central ventral,absent,straight,absence,xenosomes,absence,absence,bacterivory
Phryganella hemisphaerica,Phryganella,NA,NA,26.1,NA,NA,52.2,NA,NA,52.2,2,1,hemisphere,NA,NA,31.8,NA,NA,31.8,0.61,1,central ventral,absent,straight,absence,xenosomes,absence,absence,bacterivory
Phryganella nidulus,Phryganella,89,157,123,165,356,260.5,165,356,260.5,2.12,1,hemisphere,93,187,125,93,187,125,0.48,1,central ventral,slightly,straight,absence,xenosomes,absence,absence,bacterivory
Phryganella paradoxa,Phryganella,40,60,50,30,40,35,30,40,35,0.7,1,hemisphere,NA,NA,15,NA,NA,15,0.43,1,central ventral,absent,straight,absence,xenosomes,absence,absence,bacterivory
Physochila griseola,Physochila,70,85,77.5,50,58,54,NA,NA,54,0.7,1,pyriform,NA,NA,17.98,NA,NA,17.98,0.33,1,straight terminal,absent,straight,presence,cleptostomes,absence,absence,predatory
Physochila tenella,Physochila,68,85,76.5,40,60,50,30,39,34.5,0.65,0.69,pyriform,NA,NA,29.35,NA,NA,20.25,0.59,0.69,straight terminal,absent,curved,presence,cleptostomes,absence,absence,predatory
Placocista glabra,Placocista,100,130,115,NA,NA,96.48,NA,NA,38.59,0.84,0.4,pyriform,NA,NA,33.38,NA,NA,13.35,0.35,0.4,straight terminal,absent,straight,absence,idiosomes,absence,absence,bacterivory
Placocista jurassica,Placocista,72,76,74,NA,NA,47.73,NA,NA,19.09,0.64,0.4,ovoid,NA,NA,26.25,NA,NA,10.5,0.55,0.4,straight terminal,absent,straight,absence,idiosomes,absence,presence,bacterivory
Placocista lens,Placocista,65,75,70,45,70,57.5,NA,NA,23,0.82,0.4,ovoid,NA,NA,17.65,NA,NA,7.06,0.31,0.4,straight terminal,absent,straight,absence,idiosomes,absence,presence,bacterivory
Placocista sinuospina,Placocista,100,120,110,NA,NA,80.74,NA,NA,32.3,0.73,0.4,ovoid,NA,NA,55,NA,NA,22,0.68,0.4,straight terminal,absent,straight,absence,idiosomes,absence,presence,bacterivory
Placocista spinosa,Placocista,100,140,120,NA,NA,75.48,NA,NA,30.19,0.63,0.4,ovoid,NA,NA,54.87,NA,NA,21.95,0.73,0.4,straight terminal,absent,straight,absence,idiosomes,absence,presence,bacterivory
Placocista spinosa glabra,Placocista,100,140,120,NA,NA,75.48,NA,NA,30.19,0.63,0.4,ovoid,NA,NA,54.87,NA,NA,21.95,0.73,0.4,straight terminal,absent,straight,absence,idiosomes,absence,absence,bacterivory
Plagiopyxis callida,Plagiopyxis,67,90,78.5,73,87,80,NA,NA,80,1.02,1,hemisphere,NA,NA,52.3,NA,NA,18.67,0.65,0.36,shifted ventral,slightly,curved,absence,xenosomes,absence,absence,bacterivory
Plagiopyxis callida grandis,Plagiopyxis,95,100,97.5,105,150,127.5,NA,NA,127.5,1.31,1,hemisphere,NA,NA,63.75,NA,NA,7.01,0.5,0.11,shifted ventral,slightly,curved,absence,xenosomes,absence,absence,bacterivory
Plagiopyxis declivis,Plagiopyxis,48,53,50.5,63,80,71.5,63,80,71.5,1.42,1,hemisphere,NA,NA,27.6,NA,NA,11.84,0.39,0.43,shifted ventral,slightly,curved,absence,xenosomes,absence,absence,bacterivory
Plagiopyxis labiata,Plagiopyxis,NA,NA,29.21,50,60,55,50,60,55,1.88,1,hemisphere,NA,NA,26.62,NA,NA,13.31,0.48,0.5,shifted ventral,slightly,curved,absence,xenosomes,absence,absence,bacterivory
Plagiopyxis minuta,Plagiopyxis,NA,NA,20,40,45,42.5,40,45,42.5,2.12,1,hemisphere,NA,NA,14.37,NA,NA,7.18,0.34,0.5,shifted ventral,slightly,curved,absence,xenosomes,absence,absence,bacterivory
Plagiopyxis penardi,Plagiopyxis,NA,NA,42.25,73,96,84.5,73,96,84.5,2,1,hemisphere,NA,NA,42.25,NA,NA,42.25,0.5,1,shifted ventral,absent,curved,absence,xenosomes,absence,absence,bacterivory
Planhoogenraadia acuta,Planhoogenraadia,90,96,93,NA,NA,40,NA,NA,31.2,0.43,0.78,ovoid,NA,NA,40,NA,NA,31.2,1,0.78,shifted ventral,strongly,curved,absence,xenosomes,absence,absence,bacterivory
Planocarina carinata,Planocarina,140,246,193,110,175,142.5,NA,NA,73.25,0.74,0.51,pyriform,27,43,35,NA,NA,17.99,0.25,0.51,straight terminal,absent,curved,absence,cleptostomes,absence,absence,predatory
Planocarina marginata,Planocarina,140,170,155,90,105,97.5,NA,NA,54.31,0.63,0.56,pyriform,NA,NA,35.2,NA,NA,19.61,0.36,0.56,straight terminal,absent,curved,absence,cleptostomes,absence,absence,predatory
Planocarina maxima,Planocarina,280,385,332.5,NA,NA,180.55,NA,NA,131.8,0.54,0.73,ovoid,NA,NA,57.78,NA,NA,42.18,0.32,0.73,straight terminal,absent,straight,absence,cleptostomes,absence,absence,predatory
Pontigulasia elisa,Pontigulasia,85,120,102.5,NA,NA,64.06,NA,NA,64.06,0.62,1,pyriform,NA,NA,25.62,NA,NA,19.73,0.4,0.77,straight terminal,absent,curved,absence,xenosomes,presence,absence,bacterivory
Pontigulasia incisa,Pontigulasia,118,144,131,80,92,86,78,84,81,0.66,0.94,pyriform,29,35,32,27.31,32.97,30.14,0.37,0.94,straight terminal,absent,curved,absence,xenosomes,presence,absence,bacterivory
Pontigulasia spiralis,Pontigulasia,100,155,127.5,NA,NA,60,NA,NA,50,0.47,0.83,pyriform,NA,NA,35,NA,NA,30,0.58,0.86,straight terminal,absent,curved,absence,xenosomes,presence,absence,bacterivory
Porosia bigibbosa,Porosia,135,170,152.5,87,110,98.5,NA,NA,51.22,0.65,0.52,pyriform,34,35,34.5,NA,NA,17.94,0.35,0.52,straight terminal,absent,curved,absence,cleptostomes,absence,absence,predatory
Pseudodifflugia archeri,Pseudodifflugia,55,110,82.5,NA,NA,63.28,NA,NA,63.28,0.77,1,ovoid,NA,NA,24.74,NA,NA,24.74,0.39,1,straight terminal,absent,curved,absence,xenosomes,absence,absence,bacterivory
Pseudodifflugia fascicularis,Pseudodifflugia,29,38,33.5,20,23,21.5,20,23,21.5,0.64,1,pyriform,8,11,9.5,8,11,9.5,0.44,1,straight terminal,absent,curved,absence,xenosomes,absence,absence,bacterivory
Pseudodifflugia fulva,Pseudodifflugia,15,36,25.5,12,30,21,NA,NA,21,0.82,1,ovoid,6,12,9,NA,NA,9,0.43,1,straight terminal,absent,straight,absence,xenosomes,absence,absence,bacterivory
Pseudodifflugia gracilis,Pseudodifflugia,20,60,40,29,35,32,NA,NA,32,0.8,1,ovoid,NA,NA,18.53,NA,NA,18.53,0.58,1,straight terminal,absent,curved,absence,xenosomes,absence,absence,bacterivory
Pyxidicula operculata,Pyxidicula,5,9,7,18,30,24,18,30,24,3.43,1,hemisphere,NA,NA,15,NA,NA,15,0.62,1,central ventral,absent,curved,absence,organic,absence,absence,bacterivory
Pyxidicula patens,Pyxidicula,17.5,25,21.25,35,50,42.5,35,50,42.5,2,1,hemisphere,35,50,42.5,35,50,42.5,1,1,central ventral,absent,curved,absence,organic,absence,absence,bacterivory
Quadrulella quadrigera,Quadrulella,100,170,135,60,120,90,NA,NA,49.32,0.67,0.55,pyriform,NA,NA,33.03,NA,NA,18.1,0.37,0.55,straight terminal,absent,curved,presence,idiosomes,absence,absence,bacterivory
Quadrulella symmetrica,Quadrulella,72,120,96,36,75,55.5,27,35,31,0.58,0.56,pyriform,18,22,20,10.05,12.29,11.17,0.36,0.56,straight terminal,absent,curved,absence,idiosomes,absence,absence,bacterivory
Quadrulella tropica,Quadrulella,74,93,83.5,45,60,52.5,30,35,32.5,0.63,0.62,pyriform,20,30,25,12.38,18.57,15.48,0.48,0.62,straight terminal,absent,curved,absence,idiosomes,absence,absence,bacterivory
Scutiglypha scutigera,Scutiglypha,75,90,82.5,46,51,48.5,46,51,48.5,0.59,1,ovoid,14,20,17,14,20,17,0.35,1,straight terminal,absent,denticular,absence,idiosomes,absence,absence,bacterivory
Sphenoderia fissirostris,Sphenoderia,28,57,42.5,20,31,25.5,NA,NA,14.08,0.6,0.55,ovoid,8,18,13,NA,NA,7.18,0.51,0.55,straight terminal,absent,straight,presence,idiosomes,absence,absence,bacterivory
Sphenoderia lenta,Sphenoderia,30,60,45,20,46,33,NA,NA,33,0.73,1,ovoid,10,22,16,10,22,16,0.48,1,straight terminal,absent,curved,presence,idiosomes,absence,absence,bacterivory
Sphenoderia macrolepis,Sphenoderia,20,28,24,NA,NA,18.6,NA,NA,9.3,0.78,0.5,ovoid,NA,NA,10.4,NA,NA,5.2,0.56,0.5,straight terminal,absent,straight,absence,idiosomes,absence,absence,bacterivory
Tracheleuglypha acolla,Tracheleuglypha,34,47,40.5,17,27,22,17,27,22,0.54,1,ovoid,6.8,8.8,7.8,6.8,8.8,7.8,0.35,1,straight terminal,absent,denticular,absence,idiosomes,absence,absence,bacterivory
Tracheleuglypha dentata,Tracheleuglypha,30,100,65,15,50,32.5,15,50,32.5,0.5,1,ovoid,NA,NA,11,NA,NA,11,0.34,1,straight terminal,absent,denticular,presence,idiosomes,absence,absence,bacterivory
Trachelocorythion pulchellum,Trachelocorythion,15,35,25,10,15,12.5,7,10,8.5,0.5,0.68,ovoid,7,10,8.5,2,4,3,0.68,0.35,straight terminal,slightly,denticular,absence,idiosomes,absence,absence,bacterivory
Trigonopyxis arcula,Trigonopyxis,55,68,61.5,93,112,102.5,93,112,102.5,1.67,1,hemisphere,11,18,14.5,11,18,14.5,0.14,1,central ventral,slightly,lobbed,absence,xenosomes,absence,absence,bacterivory
Trigonopyxis arcula major,Trigonopyxis,75,100,87.5,140,190,165,140,190,165,1.89,1,hemisphere,NA,NA,23.35,NA,NA,23.35,0.14,1,central ventral,slightly,lobbed,absence,xenosomes,absence,absence,bacterivory
Trigonopyxis microstoma,Trigonopyxis,52,60,56,80,130,105,80,130,105,1.88,1,patelliform,10,17,13.5,10,17,13.5,0.13,1,central ventral,slightly,curved,absence,xenosomes,absence,absence,bacterivory
Trigonopyxis minuta,Trigonopyxis,43,56,49.5,69,88,78.5,69,88,78.5,1.59,1,hemisphere,12.5,21.9,17.2,12.5,21.9,17.2,0.22,1,central ventral,slightly,curved,absence,xenosomes,absence,absence,bacterivory
Trinema chardezi,Trinema,25,28,26.5,20,25,22.5,NA,NA,22.5,0.85,1,ovoid,10,12,11,10,12,11,0.49,1,shifted ventral,slightly,straight,absence,idiosomes,absence,absence,bacterivory
Trinema complanatum,Trinema,12,30,21,25,60,42.5,14,40,27,2.02,0.64,ovoid,12,16,14,7,10,8.5,0.33,0.61,shifted ventral,slightly,denticular,absence,idiosomes,absence,absence,bacterivory
Trinema enchelys,Trinema,32,103,67.5,15,60,37.5,NA,NA,37.5,0.56,1,ovoid,6,20,13,6,20,13,0.35,1,shifted ventral,slightly,denticular,absence,idiosomes,absence,absence,bacterivory
Trinema enchelys biconvexa,Trinema,NA,NA,67.5,NA,NA,37.5,NA,NA,37.5,0.56,1,ovoid,NA,NA,13,NA,NA,13,0.35,1,shifted ventral,slightly,denticular,absence,idiosomes,absence,absence,bacterivory
Trinema galeata,Trinema,40,60,50,20,40,30,NA,NA,10,0.6,0.33,ovoid,11,24,17.5,3.67,8,5.83,0.58,0.33,shifted ventral,slightly,denticular,absence,idiosomes,presence,absence,bacterivory
Trinema grandis,Trinema,100,125,112.5,46,60,53,NA,NA,43.46,0.47,0.82,ovoid,12,36,24,NA,NA,19.68,0.45,0.82,shifted ventral,slightly,denticular,absence,idiosomes,absence,absence,bacterivory
Trinema leidyi,Trinema,30,60,45,NA,NA,90,NA,NA,90,2,1,ovoid,NA,NA,20.25,NA,NA,20.25,0.22,1,shifted ventral,slightly,denticular,absence,idiosomes,absence,absence,bacterivory
Trinema lineare,Trinema,16,35,25.5,7,17,12,NA,NA,12,0.47,1,ovoid,3,9,6,3,9,6,0.5,1,shifted ventral,slightly,denticular,absence,idiosomes,absence,absence,bacterivory
Trinema lineare truncatum,Trinema,40,45,42.5,NA,NA,22.67,NA,NA,22.67,0.53,1,ovoid,NA,NA,11.33,NA,NA,11.33,0.5,1,shifted ventral,strongly,denticular,absence,idiosomes,absence,absence,bacterivory
Trinema penardi,Trinema,14,20,17,42,55,48.5,20,30,25,2.85,0.52,ovoid,10,15,12.5,5.15,7.73,6.44,0.26,0.52,shifted ventral,slightly,denticular,absence,idiosomes,absence,absence,bacterivory
Valkanovia elegans,Valkanovia,39,41,40,25,26,25.5,17,18,17.5,0.64,0.69,ovoid,,,7.14,,,2.5,0.28,0.35,straight terminal,absent,straight,absence,idiosomes,absence,absence,bacterivory
Valkanovia delicatula,Valkanovia,NA,NA,42,NA,NA,24,NA,NA,24,0.57,1,ovoid,NA,NA,5.5,NA,NA,5.5,0.23,1,straight terminal,absent,straight,absence,idiosomes,absence,absence,bacterivory
Wailesella eboracensis,Wailesella,20,28,24,13,17,15,NA,NA,15,0.62,1,ovoid,5,6,5.5,5,6,5.5,0.37,1,shifted ventral,absent,curved,absence,organic,absence,absence,bacterivory
Zivkovicia compressa,Zivkovicia,110,289,199.5,NA,NA,151.62,NA,NA,107.73,0.76,0.71,pyriform,NA,NA,47.88,NA,NA,34.02,0.32,0.71,straight terminal,absent,curved,absence,xenosomes,presence,absence,bacterivory
Zivkovicia compressoidea,Zivkovicia,158,230,194,NA,NA,105,NA,NA,68.25,0.54,0.65,ovoid,38,40,39,NA,NA,25.35,0.37,0.65,straight terminal,absent,curved,absence,xenosomes,presence,absence,bacterivory
Zivkovicia spectabilis,Zivkovicia,102,170,136,NA,NA,70.3,NA,NA,70.3,0.52,1,pyriform,NA,NA,36.49,NA,NA,36.49,0.52,1,straight terminal,absent,curved,absence,xenosomes,presence,absence,bacterivory
